CID,SID,ID,SMILES,Activity,CHEMBL
71495659,242613727,95,CNC(=O)CCCC1CCN(CC1)C(=O)[C@H](CC2=CC(=CC=C2)C(=N)N)NS(=O)(=O)C3=CC=CC(=C3)C4=C(C=C(C=C4)OC)OC,4.5,3219086
71495381,242613719,93,CNC(=O)CCCC1CCN(CC1)C(=O)[C@H](CC2=CC(=CC=C2)C(=N)N)NS(=O)(=O)C3=CC=CC(=C3)C4=C(C=C(C=C4)Cl)Cl,4.0,3219078
71495660,242613728,94,COC1=CC(=C(C=C1)C2=CC(=CC=C2)S(=O)(=O)N[C@@H](CC3=CC(=CC=C3)C(=N)N)C(=O)N4CCC(CC4)CCN)OC,1.0,3219087
71495466,242613726,101,CCOC1=CC(=C(C=C1)C2=CC(=CC=C2)S(=O)(=O)N[C@@H](CC3=CC(=CC=C3)C(=N)N)C(=O)N4CCC(CC4)CCN)Cl,7.8,3219085
90666139,242613725,102,CCOC1=CC(=C(C=C1)C2=CC(=CC=C2)S(=O)(=O)N[C@@H](CC3=CC(=CC=C3)C(=N)N)C(=O)N4CCC(CC4)CCCC(=O)NC)Cl,17,3219084
71495766,242613724,103,C1CN(CCC1CCN)C(=O)[C@H](CC2=CC(=CC=C2)C(=N)N)NS(=O)(=O)C3=CC=CC(=C3)C4=CC(=C(C=C4)Cl)Cl,8.9,3219083
71495765,242613723,104,CNC(=O)CCCC1CCN(CC1)C(=O)[C@H](CC2=CC(=CC=C2)C(=N)N)NS(=O)(=O)C3=CC=CC(=C3)C4=CC(=C(C=C4)Cl)Cl,36,3219082
71495661,242613722,96,C1CN(CCC1CCN)C(=O)[C@H](CC2=CC(=CC=C2)C(=N)N)NS(=O)(=O)C3=CC=CC(=C3)C4=C(C(=CC=C4)Cl)Cl,2.7,3219081
71495467,242613721,97,CNC(=O)CCCC1CCN(CC1)C(=O)[C@H](CC2=CC(=CC=C2)C(=N)N)NS(=O)(=O)C3=CC=CC(=C3)C4=C(C(=CC=C4)Cl)Cl,19,3219080
50939649,242613720,92,C1CN(CCC1CCN)C(=O)[C@H](CC2=CC(=CC=C2)C(=N)N)NS(=O)(=O)C3=CC=CC(=C3)C4=C(C=C(C=C4)Cl)Cl,0.9,3219079
71495561,242613718,105,C1CN(CCC1CCN)C(=O)[C@H](CC2=CC(=CC=C2)C(=N)N)NS(=O)(=O)C3=CC=CC(=C3)C4=CC=C(C=C4)F,28,3219077
71496204,242613717,106,CNC(=O)CCCC1CCN(CC1)C(=O)[C@H](CC2=CC(=CC=C2)C(=N)N)NS(=O)(=O)C3=CC=CC(=C3)C4=CC=C(C=C4)F,72,3219076
71495560,242613716,109,C1CN(CCC1CCN)C(=O)[C@H](CC2=CC(=CC=C2)C(=N)N)NS(=O)(=O)C3=CC=CC(=C3)C4=CC(=CC=C4)F,72,3219075
71495559,242613715,110,CNC(=O)CCCC1CCN(CC1)C(=O)[C@H](CC2=CC(=CC=C2)C(=N)N)NS(=O)(=O)C3=CC=CC(=C3)C4=CC(=CC=C4)F,207,3219074
50939651,242613714,107,C1CN(CCC1CCN)C(=O)[C@H](CC2=CC(=CC=C2)C(=N)N)NS(=O)(=O)C3=CC=CC(=C3)C4=CC=CC=C4F,28,3219073
71495468,242613713,108,CNC(=O)CCCC1CCN(CC1)C(=O)[C@H](CC2=CC(=CC=C2)C(=N)N)NS(=O)(=O)C3=CC=CC(=C3)C4=CC=CC=C4F,40,3219072
44569811,103607512,100,C1CN(CCC1CCN)C(=O)C(CC2=CC(=CC=C2)C(=N)N)NS(=O)(=O)C3=CC=CC(=C3)C4=CC=CC=C4Cl,7.3,513818
44569813,103607514,99,C1CN(CCC1CCN)C(=O)C(CC2=CC(=CC=C2)C(=N)N)NS(=O)(=O)C3=CC=CC(=C3)C4=CC=C(C=C4)Cl,5.4,516786
25181493,103607579,98,COC1=CC=C(C=C1)C2=CC(=CC=C2)S(=O)(=O)NC(CC3=CC(=CC=C3)C(=N)N)C(=O)N4CCC(CC4)CCN,4.8,460378